{
	"Administrator": "Administrator",
	"ViewAuditLog": "View Audit Log",
	"ViewGuildInsights": "View Server Insights",
	"ManageGuild": "Manage Server",
	"ManageRoles": "Manage Roles",
	"ManageChannels": "Manage Channels",
	"KickMembers": "Kick Members",
	"BanMembers": "Ban Members",
	"CreateInstantInvite": "Create Invite",
	"ChangeNickname": "Change Nickname",
	"ManageNicknames": "Manage Nicknames",
	"ManageEmojisAndStickers": "Manage Emojis & Stickers",
	"ManageWebhooks": "Manage Webhooks",
	"ViewChannel": "Read Text Channels & See Voice Channels",
	"SendMessages": "Send Messages",
	"SendTTSMessages": "Send TTS Messages",
	"ManageMessages": "Manage Messages",
	"EmbedLinks": "Embed Links",
	"AttachFiles": "Attach Files",
	"ReadMessageHistory": "Read Message History",
	"MentionEveryone": "Mention @everyone, @here, and All Roles",
	"UseExternalEmojis": "Use External Emojis",
	"AddReactions": "Add Reactions",
	"Connect": "Connect",
	"Speak": "Speak",
	"Stream": "Video",
	"MuteMembers": "Mute Members",
	"DeafenMembers": "Deafen Members",
	"MoveMembers": "Move Members",
	"UseVAD": "Use Voice Activity",
	"PrioritySpeaker": "Priority Speaker"
}
